M00001	K00873	K00150	K12407	K00850	K00845	K00844	K00134	K01803	K00927	K06859	K13810	K01623	K01624	K01810	K01689	K01834
M00002	K00150	K00134	K01689	K01834	K01803	K00927	K00873
M00003	K00134	K11532	K04041	K01689	K01834	K01803	K01596	K01623	K01624	K01610	K00927	K02446	K03841
M00004	K01808	K00615	K01807	K13810	K01057	K00616	K01810	K00036	K01783	K07404	K00033
M00005	K00948
M00006	K13810	K01057	K01810	K00036	K07404	K00033
M00007	K01808	K01807	K13810	K01783	K00615	K00616
M00008	K01690	K01057	K01625	K01810	K00036	K07404
M00009	K01682	K01681	K01647	K01899	K00241	K00240	K00242	K00245	K00244	K00247	K00246	K01677	K01676	K01679	K01678	K01900	K01903	K01902	K00024	K00026	K00658	K00164	K00030	K00382	K00025	K00239	K00031
M00010	K00031	K01682	K01647	K00030	K01681
M00011	K01676	K00177	K00176	K00175	K00174	K01899	K00241	K00240	K00242	K00245	K00244	K00247	K00246	K01677	K00382	K01679	K01678	K01900	K01903	K01902	K00024	K00658	K00164	K00234	K00235	K00236	K00237	K00025	K00239	K00026
M00012	K01682	K01681	K00025	K01638	K01637	K00024	K00026	K01647
M00013	K00136	K05605	K01692	K00249	K01578	K07511	K07514	K07515
M00014	K00854	K03331	K00012	K05351	K13247
M00015	K12657	K00286	K00147	K00931
M00016	K00215	K00133	K01586	K00674	K01778	K01439	K12526	K12525	K12524	K01714	K14267	K00928	K00821
M00017	K00133	K00651	K12526	K12525	K12524	K01760	K00928	K00003	K00549	K00548	K01739
M00018	K00133	K00872	K12526	K12525	K12524	K01733	K00928	K00003	K02204	K02203
M00019	K01704	K01687	K11258	K00052	K00053	K01649	K00826	K01653	K01652	K01703	K01702
M00020	K01079	K00058	K00831
M00021	K13034	K12339	K10150	K00640	K01738
M00022	K03785	K01626	K13853	K03786	K03856	K01736	K01735	K13832	K13830	K00891	K00014	K13829	K00800
M00023	K06001	K13498	K13497	K01695	K01694	K01696	K01817	K01658	K00766	K01609	K13503	K13501	K01657	K01656
M00024	K04516	K04092	K13853	K06209	K06208	K04518	K01713	K00832	K14170	K04093	K01850	K14187
M00025	K04517	K04516	K00817	K04092	K13853	K06209	K06208	K00832	K14170	K04093	K01850	K14187	K00210
M00026	K02500	K02501	K02502	K01663	K11755	K00817	K01693	K01089	K14152	K01814	K01523	K04486	K00765	K00013	K01496
M00027	K13524	K00135	K00139	K01580	K00823	K07250
M00028	K00619	K00642	K00145	K01438	K12659	K05830	K00821	K00818	K00618	K00620	K11067	K01436	K00930
M00029	K01755	K00611	K01948	K01476	K01940
M00030	K00143	K14157	K14085	K00293	K00290	K00291	K00825	K05824	K05825	K01705	K01655	K00838
M00031	K00145	K05831	K05830	K05826	K05827	K00930
M00032	K00143	K01825	K00658	K00164	K14085	K00292	K00293	K00290	K00291	K00825	K01782	K14157	K00252	K07511	K01692	K07514	K07515	K00022
M00033	K00133	K06720	K00836	K12526	K12525	K12524	K06718	K00928
M00034	K00899	K08969	K00832	K08964	K08965	K01244	K08967	K01243	K08963	K09880	K00772	K01611	K00815	K00797	K00789	K08966	K00838
M00035	K00789	K01697	K01251	K00558	K10150
M00036	K05607	K00166	K00167	K11381	K00249	K00826	K13766	K00382	K00253	K01640	K09699	K01969	K01968
M00037	K00502	K01593	K00669	K00543
M00038	K10217	K14263	K00452	K00453	K01556	K00463	K03392	K01432	K00486
M00039	K03782	K00083	K11188	K01904	K00430	K00487	K09753
M00040	K00832	K00220
M00042	K01592	K01593	K00553	K00503	K00501	K00505
M00043	K00431
M00044	K00157	K01800	K01801	K00457	K03334	K00450	K00451	K01557	K01555	K00468
M00045	K01712	K01479	K01468	K01745
M00046	K01431	K01485	K00207	K01464
M00047	K00613	K00542	K00933
M00048	K11175	K01756	K01588	K11176	K01945	K01589	K01952	K01587	K11808	K00601	K11788	K00602	K13713	K00764	K06863	K01923	K01492	K08289	K11787	K01933
M00049	K00524	K00525	K01756	K00527	K10808	K00526	K01939	K00939	K10807	K00940
M00050	K00524	K00525	K00526	K00527	K00088	K01951	K10808	K00942	K10807	K00940
M00051	K01956	K01954	K01955	K00762	K13421	K00610	K01465	K11540	K11541	K00226	K00609	K00608	K01591
M00052	K13800	K13809	K13799	K00940	K01937	K00945
M00053	K00524	K00525	K00526	K00527	K13998	K00943	K00560	K10808	K01520	K10807	K00940	K01494
M00055	K03842	K01001	K07441	K03846	K07432	K03844	K03843	K03849	K03848	K03845	K00729	K03850	K03847
M00056	K00739	K00727	K00731	K09653	K00710	K09662	K09663
M00057	K10157	K00735	K00734	K10158	K00733	K00771	K10812
M00058	K03419	K00746	K00747	K13499	K13500
M00059	K02579	K02578	K02366	K02370	K01793	K02368	K02369	K02577	K02576	K02367
M00060	K02535	K02527	K02536	K02517	K02560	K00677	K00748	K00912	K03269
M00061	K01686	K00041	K01685	K01812	K00040
M00063	K00979	K03270	K01627
M00064	K03274	K03271	K03273	K03272
M00065	K03857	K07542	K05286	K05287	K05284	K05285	K05283	K03434
M00066	K00720	K07553
M00067	K01019	K04628
M00068	K01988	K00719
M00069	K03369	K03370	K03371
M00070	K07819	K03766	K07820	K03877
M00071	K03766	K07967	K07966	K07969	K07968
M00072	K12666	K12670	K12691	K12668	K12669	K00730	K07151	K12667
M00073	K01230	K05546	K01228
M00074	K05534	K05535	K05536	K05537	K05530	K05531	K05532	K05533	K05529	K05528	K05538	K05546	K01230
M00075	K07966	K00738	K00737	K00736	K00717	K00779	K13748	K07967	K00744	K00778	K01231	K09661	K07968
M00076	K01135	K01136	K01197	K01217	K01195
M00077	K01135	K01197	K01132	K01195
M00078	K01195	K07965	K07964	K10532	K01136	K01137	K01217	K01205	K01565
M00079	K12309	K01137	K12373	K01132
M00080	K02527	K03280	K03275	K02844	K02849	K02848	K03277	K03276	K03278	K02841	K02840	K02843	K03279	K02850	K02847
M00081	K01051	K01184	K01213
M00082	K09458	K02160	K11533	K00645	K00647	K00667	K00665	K01963	K01962	K01961	K00648	K11262	K00668
M00083	K02372	K02371	K00648	K11533	K10780	K00647	K00667	K00059	K00665	K00668	K00208	K09458
M00085	K07509	K07508	K07511	K07512	K07515	K00022
M00086	K01897
M00087	K00632	K01782	K07513	K09479	K07514	K01825	K07509	K01692	K00249	K00232	K13767	K07508	K07511	K00022	K06445	K07515	K07516	K00255
M00088	K01574	K00019	K01640	K01641	K00626
M00089	K03621	K13506	K00655	K13508	K00631	K13519	K01080	K00629	K13509	K11160	K13523	K08591	K00635	K13513	K00630	K13507	K13517	K11155
M00090	K00994	K13644	K00968	K14156	K00866
M00091	K00551	K00570
M00092	K13644	K00967	K00894	K00993	K14156
M00093	K00998	K01613	K00981
M00094	K04712	K00654	K04710	K04708	K04709
M00095	K13273	K01823	K00869	K01597	K00938	K01641	K00021	K00626
M00096	K01662	K00099	K12506	K00991	K01823	K03527	K03526	K01770	K00919
M00097	K10027	K02291	K14606	K02293	K14605	K06443	K00514
M00098	K14452	K13534	K12298	K01046	K01054	K14076	K14075	K14074	K14073
M00099	K01441	K00654	K04712	K04710	K04708	K04709	K12349	K12348
M00100	K04718	K01634
M00101	K05917	K09827	K01824	K00227	K07748	K13373	K00511	K01852	K07750	K09828	K00222	K00801	K00213
M00102	K09831	K00223	K00559	K09830	K09829
M00103	K07419	K07438
M00104	K12405	K07431	K10214	K12408	K01796	K00489	K00488	K08764	K00037	K00251	K08748
M00105	K12405	K10214	K12408	K01796	K00489	K00488	K08764	K00037	K00251	K08748
M00106	K01442	K00659
M00107	K01822	K00070	K00498
M00108	K00513	K00497	K07433
M00109	K00071	K00513	K00512	K00497
M00110	K07434	K00070	K00512	K01822
M00112	K09834	K05928	K09833	K12502
M00113	K10527	K05894	K00232	K10525	K01723	K10526	K00454	K00632
M00114	K01809	K00966	K00064	K10046	K00971	K06859	K13810	K14190	K05276	K01810	K00225	K01840	K10047
M00115	K06210	K00278	K00969	K01950	K01916	K00767	K03517
M00116	K08680	K02361	K12073	K02552	K02551	K01911	K03183	K01851	K02548	K02549	K01661
M00117	K03184	K03688	K03186	K03185	K03179	K03183	K03182	K03181	K00568
M00118	K01919	K11205	K11204	K01920
M00119	K00077	K00826	K01579	K13799	K00606	K01918
M00120	K02201	K13038	K01947	K00859	K00954	K03525	K00867	K09680	K01922	K02318	K01598
M00121	K02492	K00589	K02303	K01698	K03794	K02495	K02496	K01749	K00228	K02302	K00230	K00231	K02304	K13542	K01885	K14163	K01719	K01772	K01845	K01599	K13543
M00122	K02231	K02225	K02227	K02226	K02232	K02233	K13786	K00798	K00768	K08260
M00123	K01935	K00652	K00833	K01012
M00124	K00275	K00097	K03474	K03473	K03472	K00831
M00125	K14652	K00793	K00082	K11753	K11752	K02858	K01498	K00861	K00953	K00794	K01497
M00126	K11754	K01930	K13998	K01113	K00287	K13938	K01077	K13939	K00950	K00796	K13940	K13941	K01633	K01495
M00127	K03147	K00878	K14153	K14154	K00788	K00941	K00946	K00877
M00128	K06126	K06134	K06125	K00591	K03181	K06127
M00129	K01195	K00963	K01053	K00699	K00012	K00103
M00130	K01116	K05860	K05861	K05857	K00911	K13712	K13711	K05858	K05859	K00889	K00888
M00131	K01109	K10047	K01092	K01107	K01106
M00132	K00915	K10572	K00913
M00133	K01585	K01584	K01611	K01583	K02626	K00797	K01480
M00134	K01476	K01581
M00135	K00274	K00657	K00149	K00128	K14085
M00136	K09471	K09470	K09473	K09472
M00137	K01859	K13077	K00660
M00138	K00091	K00475	K05277
M00139	K13393	K13392	K13394	K13391	K13384	K13385	K13386	K13382	K13383
M00140	K00600	K01491	K01938
M00141	K13403	K00600	K00288	K13402
M00142	K03879	K03878	K03882	K03883	K03880	K03881	K03884
M00143	K03943	K03942	K03941	K03940	K03944	K03938	K03939	K03936	K03937	K03934	K03935
M00144	K00331	K00330	K00333	K00332	K00335	K00334	K00337	K00336	K00339	K00338	K00340	K00341	K00342	K00343
M00145	K05587	K05588	K05585	K05586	K05583	K05573	K05581	K05580	K05572	K05582	K05574	K05575	K05576	K05577	K05578	K05579	K05584
M00146	K03949	K03948	K03954	K03947	K03956	K03950	K03946	K03945	K03951	K11352	K03952	K03955	K11353	K03953
M00147	K03961	K03960	K03963	K03962	K03958	K03959	K03967	K03966	K03968	K03957	K11351	K03965	K03964
M00148	K00234	K00235	K00236	K00237
M00149	K00241	K00239	K00242	K00240
M00150	K00245	K00244	K00247	K00246
M00151	K03886	K03887	K03891	K00411	K00412	K00413	K03888	K03889	K03890
M00152	K03886	K03887	K00416	K00417	K03891	K00411	K00412	K00413	K00418	K00419	K03888	K03889	K00415	K00420	K00414	K03890
M00153	K00425	K00426
M00154	K02256	K02257	K02258	K02259	K02269	K02268	K02272	K02271	K02260	K02261	K02273	K02263	K02262	K02265	K02264	K02267	K02266
M00155	K02298	K02299	K02829	K02828	K02297	K02300	K02301	K02827	K02826	K02276	K02277	K02274	K02275
M00156	K00407	K00406	K00405	K00404
M00157	K02113	K02112	K02111	K02110	K02115	K02114	K02108	K02109
M00158	K02140	K02141	K02126	K02125	K02142	K02127	K02139	K02138	K02128	K02129	K02143	K02131	K02130	K02133	K02132	K02135	K02134	K02137	K02136
M00159	K02117	K02119	K02118	K02122	K02123	K02120	K02121	K02124
M00160	K03662	K03661	K02144	K02145	K02146	K02147	K02148	K02149	K02155	K02154	K02153	K02152	K02151	K02150
M00161	K02714	K02703	K02706	K02707	K02704	K02705	K02724	K02708	K02709	K02720	K02721	K02722	K02723	K02717	K08904	K08902	K08903	K08901	K02711	K02710	K02713	K02712	K03542	K03541	K02716	K02719	K02718
M00162	K02640	K03689	K02643	K02642	K02634	K02635	K02636	K02637
M00163	K02694	K02695	K02696	K02697	K02690	K02691	K02692	K02693	K02689	K02698	K02699	K02702	K02700	K02701	K08905
M00164	K02113	K02112	K02111	K02110	K02115	K02114	K02108	K02109
M00165	K01808	K00150	K03841	K04041	K11532	K01100	K00615	K01601	K01807	K01623	K01602	K05298	K00927	K02446	K01624	K00855
M00166	K00150	K00927	K01602	K05298	K01601
M00167	K01808	K00855	K02446	K04041	K11532	K01100	K01807	K01623	K01624	K03841	K00615
M00168	K00025	K00024	K00026	K01595
M00169	K00029	K01006
M00170	K11358	K00813	K00811	K00812	K01595	K01610
M00171	K01006	K11358	K00813	K00811	K00812	K01595	K00814	K00028	K00025	K00024	K00026
M00172	K01595	K00029	K00051	K01006
M00173	K01682	K01681	K01648	K00172	K00171	K00170	K00177	K00176	K00175	K00174	K00241	K00240	K00242	K00245	K00244	K00247	K00246	K01677	K01676	K01007	K01679	K01678	K01903	K01902	K00024	K00169	K01595	K00239	K00031
M00174	K03781	K03782	K08684	K00148	K08350	K00125	K00429	K00093	K11188	K05299	K08349	K08348	K00114	K00430	K00123	K00124	K00122	K00126	K00127
M00175	K02588	K00531	K02591	K02586	K00536
M00176	K00392	K00958	K00959	K13811	K00380	K00381	K00395	K00394	K00955	K00957	K00956
M00177	K02903	K02908	K02912	K02880	K02929	K02915	K02918	K02921	K02882	K02928	K02957	K02930	K02955	K02932	K02953	K02934	K02951	K02985	K02885	K02938	K02868	K02917	K02936	K02883	K02958	K02993	K02991	K02997	K02978	K02995	K02865	K02975	K02974	K02977	K02976	K02971	K02973	K02873	K02927	K02910	K02898	K02983	K02920	K02940	K02877	K02923	K02889	K02924	K02942	K02866	K02922	K02875	K02901	K02998	K02870	K02937	K02872	K02925	K02896	K02905	K02894	K02979	K02900	K02893	K02891	K02984	K02949	K02987	K02980	K02981	K02969	K02966	K02941	K02964	K02943	K02962	K02989	K02960	K02947
M00178	K07590	K02895	K02911	K02892	K02902	K02909	K02907	K02863	K02956	K02933	K02954	K02935	K02952	K02950	K02939	K02884	K02887	K02886	K02881	K02916	K02959	K02914	K02992	K02990	K02996	K02994	K02970	K02931	K02982	K02919	K02867	K02888	K02874	K02876	K02926	K02871	K02899	K02904	K02897	K02906	K02864	K02878	K02879	K02890	K02945	K02948	K02913	K02986	K02968	K02967	K02965	K02988	K02963	K02946	K02961
M00179	K02895	K02917	K02929	K02915	K02907	K02863	K02956	K02933	K02954	K02867	K02952	K02950	K02885	K02912	K02869	K02886	K02881	K02936	K02883	K02992	K02991	K02979	K02996	K02995	K02994	K02975	K02974	K02977	K02976	K02984	K02978	K02931	K02927	K02930	K02910	K02921	K02922	K02889	K02866	K02874	K02875	K02876	K02877	K02908	K02871	K02924	K02873	K02904	K02988	K02906	K02864	K02892	K02944	K02890	K02948	K02896	K02986	K02987	K02982	K02983	K02966	K02967	K02965	K02962	K02928	K02946	K02961
M00180	K03015	K03007	K03006	K03014	K03017	K03016	K03011	K03010	K03013	K03012	K03008	K03009
M00181	K03020	K03021	K03022	K03023	K03024	K03025	K03026	K03027	K03019	K03018
M00182	K03004	K03005	K03002	K03003	K03000	K03001	K02999
M00183	K03060	K03048	K13797	K03043	K03040	K03046
M00184	K03052	K03051	K03056	K03054	K03059	K03058	K03049	K13798	K03042	K03050	K03053	K03041	K03055	K03047	K03044	K03045
M00185	K02048	K02045	K02047	K02046
M00186	K06857	K05772	K05773
M00187	K02059	K02061	K02060
M00188	K02049	K02050	K02051
M00189	K05776	K02017	K02018	K02020
M00190	K02012	K02010	K02011
M00191	K02063	K02062	K02064
M00192	K05777	K05778	K05779
M00193	K02052	K02053	K02054	K02055
M00194	K10116	K10122	K10108	K10121	K10110	K10111	K10112	K10113	K10114	K10115	K10109	K10117	K10118	K10119	K10120
M00197	K10116	K10122	K10108	K10121	K10110	K10111	K10112	K10113	K10114	K10115	K10109	K10117	K10118	K10119	K10120
M00198	K05813	K05816	K05815	K05814
M00199	K10190	K10191	K10189	K10188
M00200	K10230	K10228	K10229	K10227	K10243
M00201	K10233	K10232	K10235	K10234
M00202	K10192	K10193	K10194	K10195
M00203	K10198	K10199	K10196	K10197
M00204	K10239	K10238	K10237	K10236
M00205	K10200	K10201	K10202
M00206	K10240	K10241	K10242	K10243
M00207	K02027	K02026	K02025	K02023
M00208	K02001	K02000	K02002
M00209	K05845	K05846	K05847
M00210	K02067	K02066	K02065
M00211	K02069	K02068
M00212	K10439	K10440	K10441
M00213	K10538	K10539	K10537
M00214	K10542	K10541	K10540
M00215	K10545	K10544	K10543
M00216	K10547	K10546	K10548
M00217	K10550	K10551	K10549
M00218	K10552	K10553	K10554
M00219	K10558	K10555	K10556	K10557
M00220	K10559	K10561	K10560	K10562
M00221	K02058	K02056	K02057
M00222	K02038	K02040	K02036	K02037
M00223	K02041	K02042	K02044
M00224	K05781	K05780
M00225	K10015	K10017	K10016	K10013
M00226	K10015	K10014	K10017	K10016
M00227	K10037	K10036	K10038
M00228	K10040	K10041	K10039
M00229	K09998	K09999	K09996	K09997	K10000
M00230	K10004	K10002	K10003	K10001
M00231	K10020	K10021	K10019	K10018
M00232	K09970	K09971	K09972	K09969
M00233	K10006	K10007	K10005	K10008
M00234	K10009	K10010	K02424
M00235	K10022	K10023	K10024	K10025
M00236	K02030	K02029	K02028
M00237	K01998	K01999	K01996	K01997	K01995
M00238	K02071	K02072	K02073
M00239	K02031	K02032	K02033	K02034	K02035
M00240	K02016	K02015	K02013
M00241	K06073	K06074	K06858
M00242	K09817	K09816	K09815
M00243	K09820	K09819	K09818
M00244	K02074	K02075	K02077
M00245	K02007	K02006	K02009	K02008
M00246	K10094	K02007	K02006	K02008
M00247	K01989	K05833	K05832
M00248	K09686	K09687
M00249	K10107	K09688	K09689
M00250	K09691	K09690
M00251	K09693	K09692
M00252	K09695	K09694
M00253	K09697	K09696
M00254	K01992	K01990
M00255	K09808	K09810
M00256	K09812	K09811
M00257	K09814	K09813
M00258	K02004	K02003
M00259	K02193	K02195	K02194
M00260	K02338	K03763	K02342	K02339	K14159	K02337	K02343	K02340	K02341	K02344	K02345
M00261	K02320	K02321	K02685	K02684
M00262	K02328	K03504	K03505	K02327
M00263	K02324	K02325	K02326	K03506
M00264	K02322	K02323
M00265	K02777	K02779	K02778
M00266	K02777	K02790	K02791
M00267	K02804	K02803	K02802
M00268	K02777	K02750	K02749
M00269	K02809	K02808	K02810
M00270	K02777	K02817	K02818	K02819
M00271	K02755	K02757	K02756
M00272	K02777	K02753	K02752
M00273	K02768	K02769	K02770
M00274	K02799	K02798	K02800
M00275	K02760	K02761	K02759
M00276	K02793	K02795	K02794	K02796
M00277	K02746	K02747	K02744	K02745
M00278	K02814	K02815	K02812	K02813
M00279	K02775	K02774	K02773
M00280	K02782	K02783	K02781
M00281	K02788	K02786	K02787
M00282	K02763	K02764	K02765
M00283	K03475	K02822	K02821
M00284	K02608	K02603	K02607	K02606	K02605	K02604
M00285	K02209	K02210	K02212	K02540	K02541	K02542
M00286	K10734	K10735	K10732	K10733
M00287	K10986	K02744	K10984	K10985
M00288	K07466	K10741	K10739	K10740
M00289	K10756	K10754	K10755
M00290	K03143	K03142	K03141	K10844	K10843	K10845	K03144	K10842	K06634	K02202
M00291	K10865	K10866	K10867
M00292	K10865	K10866	K10868
M00293	K02350	K03508
M00294	K02333	K02332
M00295	K08735	K08734	K08737	K10755	K10756	K10605	K10901	K04728	K10858	K10866	K10867	K10754	K04802	K10865
M00296	K10771	K10772	K10776	K10798	K10803	K02330
M00297	K06642	K10884	K10885
M00298	K11050	K11051
M00299	K11069	K11076	K11070	K11071	K11072
M00300	K11074	K11075	K11076	K11073
M00301	K11077	K11078	K11079	K11080
M00302	K11084	K11081	K11083	K11082
M00303	K02777	K11192	K11191
M00304	K02771	K11196	K11195	K11194
M00305	K11199	K11198	K11200
M00306	K11203	K11202	K11201
M00307	K00169	K00172	K13997	K00170	K00161	K00162	K00163	K00382	K00627	K00171
M00308	K01625	K00874	K05308
M00309	K11395	K05308
M00310	K00172	K00171	K00170	K00169
M00311	K00177	K00176	K00175	K00174
M00312	K00186	K00187	K00188	K00189
M00313	K00179	K04090	K00180
M00314	K11632	K11631
M00315	K11636	K11635
M00316	K11603	K11602	K11601
M00317	K11607	K11606	K11605	K11604
M00318	K11706	K11704	K11705
M00319	K11710	K11708	K11709	K11707
M00320	K07091	K11720	K06861
M00321	K11953	K11952	K11951	K11950
M00322	K11957	K11956	K11955	K11954	K11958
M00323	K11963	K11962	K11960	K11959	K11961
M00324	K12372	K12369	K12368	K12370	K12371
M00325	K11004	K11003	K12340
M00326	K12530	K12531	K12532	K12340
M00327	K12533	K12534	K12535
M00328	K12538	K12536	K12537
M00329	K12539	K12540
M00330	K12541	K12543	K12542
M00331	K02456	K02457	K02454	K02455	K02452	K02453	K02465	K02464	K02462	K02458	K02459	K02461	K02460
M00332	K03225	K03219	K04058	K04059	K03228	K03229	K03224	K03223	K03222	K03230	K03221	K03226	K03227	K04056	K04057
M00333	K03198	K03204	K03200	K03201	K03202	K03203	K03205	K03194	K03195	K03196	K03197	K03199
M00334	K11904	K11912	K11906	K11907	K11892	K11915	K11891	K11913	K11903
M00335	K03073	K03072	K03071	K03210	K03217	K03076	K03075	K03074	K12257	K13301	K03110	K03070	K03106
M00336	K03118	K03425	K03116	K03117
M00337	K02730	K06696	K06697	K02740	K02736	K02741	K02728	K02729	K02732	K02733	K02725	K02726	K02727	K02731	K02735	K02734
M00338	K01758	K01697	K10150
M00339	K13409	K13408	K13410
M00340	K02730	K02736	K02739	K02738	K02728	K02729	K02732	K02725	K02726	K02727	K02737	K02731	K02735	K02734
M00341	K03064	K03065	K03066	K03029	K03061	K03062	K03063	K06691	K10881	K03037	K03039	K03038	K03028	K03036	K03035	K03033	K03032	K03031	K03030
M00342	K03433	K03432	K13527	K13571
M00343	K03433	K03432	K03420
M00344	K00863	K03841	K01624
M00345	K00850	K08093	K08094	K13812	K01624	K13831
M00346	K08692	K08691	K01689	K00018	K00600	K01595	K00830	K14067	K00024	K00865	K00828
M00347	K00582	K00583	K00580	K00581	K00584	K11261	K11260	K03389	K03388	K08265	K00127	K00402	K00319	K00400	K00205	K00204	K01499	K00201	K00200	K00203	K00202	K08348	K08349	K00399	K08264	K00443	K00442	K00441	K00440	K00401	K03390	K00320	K00672	K03421	K03422	K00579	K00578	K00577	K00122	K00123	K00124	K00125	K00126	K08350
M00348	K13890	K13891	K13892	K13889
M00349	K13893	K13894	K13895	K13896
M00350	K10775	K01904	K09754	K00588	K00487	K13064
M00351	K11095	K11096	K11097	K11087	K11086	K11093	K11091	K11088	K11098	K11099
M00352	K12828	K12829	K12826	K12827	K12825	K12831	K11094	K12833	K12830	K11096	K11097	K11087	K11086	K11092	K12835	K12834	K12832	K11088	K11098	K11099
M00353	K10599	K12862	K12863	K12860	K12861	K12866	K12864	K12865	K03283
M00354	K13099	K11087	K11086	K12844	K12845	K12846	K12847	K11088	K12843	K11984	K11098	K12854	K12662	K11096	K12621	K12622	K12623	K12624	K12625	K12626	K12627	K12853	K12852	K12857	K12856	K12855	K11099	K11097	K12859	K12858	K09567
M00355	K10599	K12862	K12863	K11087	K11086	K06063	K12867	K12868	K12869	K11088	K11099	K12871	K12870	K12873	K12872	K12874	K09564	K12852	K12857	K12856	K11098	K12854	K11096	K13123	K12816	K11097	K12860	K12861	K13117	K03283	K12733
M00356	K00402	K00401	K00400	K04480	K03388	K14080	K14081	K08265	K03390	K00399	K03389	K03421	K03422	K08264
M00357	K00582	K00583	K00580	K00581	K00584	K03389	K03388	K00625	K08264	K00402	K00401	K00400	K08265	K00399	K00190	K13788	K00925	K03390	K14138	K00579	K00578	K00577	K03421	K03422
M00358	K05884	K06034	K13039	K05979	K08097
M00359	K01870	K01873	K01872	K01875	K01874	K01876	K04567	K14163	K01893	K01892	K01890	K01866	K01867	K01868	K01869	K01880	K01881	K01883	K01885	K01886	K01887	K01889
M00360	K01870	K01873	K01872	K01875	K01874	K01876	K01879	K01878	K14164	K04566	K04567	K01893	K01892	K01890	K11627	K07587	K01866	K09759	K01868	K01869	K04568	K01880	K01881	K01883	K01884	K01885	K01886	K01887	K01889	K09698	K01867
M00361	K00972	K00966	K00963	K08678	K00971	K01784	K00012
M00362	K00965	K00966	K02473	K04042	K00972	K08678	K01791	K00963	K00971	K11528	K01784	K00012
M00363	K11007	K11006
M00364	K13789	K00795	K01823	K13787
M00365	K01823	K13787
M00366	K13789	K01823	K14066	K00787
M00367	K00804	K01823	K00787
M00368	K00789	K01762	K05933
M00369	K13027	K13029	K13030
M00370	K11818	K11812	K11813	K11819	K11821	K11820
M00371	K09588	K12639	K12638	K12637	K09587	K12640	K09590	K09591
M00372	K14594	K09841	K09842	K02294	K09840	K09838
M00373	K14451	K14450	K14446	K14447	K14448	K14449	K01966	K01965	K01715	K05606	K01847	K00626	K00023
M00374	K01825	K00626	K00172	K00171	K00170	K00241	K00240	K14534	K00242	K00245	K00244	K00247	K00246	K01677	K01676	K01007	K01679	K01678	K01903	K01902	K01715	K00024	K00169	K14465	K14466	K14467	K01595	K01782	K00239	K07516
M00375	K01782	K01825	K14468	K14469	K01715	K14465	K14466	K14467	K00626	K01966	K01965	K01963	K01962	K01961	K05606	K11942	K01847	K01848	K14534	K07516	K01849
M00376	K08691	K09709	K14472	K14471	K14470	K00241	K00240	K11942	K00242	K00245	K00244	K00247	K00246	K01677	K01676	K01679	K01678	K01966	K01965	K01963	K01962	K01961	K05606	K01847	K01848	K14468	K14469	K14449	K00239	K01849
M00377	K00191	K00169	K00172	K00171	K00170	K14138	K05299	K00925	K00297	K13788	K01938	K01491	K00625	K00190
